{"1_100_glorot_uniform_relu_0.99": [171.89361166653845, 17, 0],
"1_200_glorot_uniform_relu_0.99": [162.36219132488998, 17, 0],
"1_300_glorot_uniform_relu_0.99": [204.6371122731403, 16, 0],
"1_400_glorot_uniform_relu_0.99": [159.84505577419526, 19, 0],
"1_400_glorot_uniform_relu_0.99": [178.42186973998312, 19, 0],
"1_500_glorot_uniform_relu_0.99": [34.029731888757269, 19, 0],
"1_600_glorot_uniform_relu_0.99": [193.16522482971277, 16, 0],
"2_100_glorot_uniform_relu_0.99": [128.98056685785821, 21, 0],
"2_100_glorot_uniform_relu_0.99": [148.52808914622298, 21, 0],
"2_200_glorot_uniform_relu_0.99": [200.30797259162031, 25, 0],
"2_300_glorot_uniform_relu_0.99": [-217.79662327043411, 21, 0],
"2_300_glorot_uniform_relu_0.99": [159.15437800047897, 21, 0],
"2_400_glorot_uniform_relu_0.99": [158.34241372023243, 19, 0],
"2_500_glorot_uniform_relu_0.99": [160.99162805318988, 15, 0],
"2_600_glorot_uniform_relu_0.99": [-196.54198076634174, 20, 0],
"3_100_glorot_uniform_relu_0.99": [196.89450273015677, 13, 0],
"3_200_glorot_uniform_relu_0.99": [170.88525135975436, 16, 0],
"3_200_glorot_uniform_relu_0.99": [195.28641810526955, 16, 0],
"3_300_glorot_uniform_relu_0.99": [166.86309881879541, 20, 0],
"3_400_glorot_uniform_relu_0.99": [215.63707241472503, 14, 0],
"3_500_glorot_uniform_relu_0.99": [199.32139202409923, 20, 0],
"3_600_glorot_uniform_relu_0.99": [-67.266652227438357, 18, 0],
"3_600_glorot_uniform_relu_0.99": [195.81839858056975, 18, 0],
"4_100_glorot_uniform_relu_0.99": [180.11711642591283, 18, 0],
"4_200_glorot_uniform_relu_0.99": [199.95473553125595, 16, 0],
"4_300_glorot_uniform_relu_0.99": [-122.49137745760495, 21, 0],
"4_400_glorot_uniform_relu_0.99": [186.00778648506457, 20, 0],
"4_500_glorot_uniform_relu_0.99": [-31.633489807622311, 18, 0],
"4_500_glorot_uniform_relu_0.99": [156.06512709381741, 18, 0],
"4_600_glorot_uniform_relu_0.99": [181.78079365100839, 17, 0],
"5_100_glorot_uniform_relu_0.99": [172.58042506784437, 20, 0],
"5_200_glorot_uniform_relu_0.99": [195.36259959218646, 14, 0],
"5_300_glorot_uniform_relu_0.99": [173.24479820916275, 21, 0],
"5_400_glorot_uniform_relu_0.99": [166.17935108628558, 19, 0],
"5_500_glorot_uniform_relu_0.99": [143.32258360594301, 22, 0],
"5_600_glorot_uniform_relu_0.99": [122.66695481806374, 17, 0],
"6_100_glorot_uniform_relu_0.99": [188.27534982384816, 18, 0],
"6_200_glorot_uniform_relu_0.99": [210.01669881507274, 20, 1],
"6_300_glorot_uniform_relu_0.99": [173.48180889313926, 16, 0],
"6_400_glorot_uniform_relu_0.99": [124.32605681580637, 11, 1]}