{"1_100_normal_normal_softplus_hard_sigmoid": [-16.054547431162121, 1, 0],
 "1_100_normal_normal_softplus_sigmoid": [-26.245723035302532, 2, 0],
 "1_100_normal_normal_softplus_softplus": [-52.974923962513294, 3, 0],
 "1_100_normal_normal_softplus_softsign": [-18.152629885529635, 2, 0],
 "1_100_normal_normal_softplus_tanh": [-16.95306483669907, 2, 0],
 "1_300_he_uniform_he_uniform_softplus_relu": [-16.966154227867293, 1, 0],
 "1_600_he_uniform_he_uniform_softplus_relu": [-44.526609890039538, 2, 0],
 "2_100_he_uniform_he_uniform_softplus_relu": [-83.090025155539237, 2, 0],
 "5_200_he_normal_normal_softplus_softplus": [-56.914976226413891, 1, 0],
 "5_200_he_normal_normal_softplus_softsign": [-59.399845554823216, 1, 0],
 "5_200_he_normal_normal_softplus_tanh": [-72.178641714675791, 1, 0],
 "5_200_normal_glorot_uniform_softplus_hard_sigmoid": [-213.50212307641422, 1, 0],
 "5_200_normal_glorot_uniform_softplus_hard_sigmoid": [-263.47375068152837, 1, 0],
 "5_200_normal_glorot_uniform_softplus_sigmoid": [-48.403152527001353, 2, 0],
 "5_200_normal_he_normal_softplus_hard_sigmoid": [4.4211101139692204, 1, 0],
 "5_200_normal_he_normal_softplus_relu": [-24.917795848780102, 1, 0],
 "5_200_normal_he_normal_softplus_sigmoid": [-48.277406991817429, 2, 0],
 "5_200_normal_he_normal_softplus_softsign": [-120.04876752769543, 1, 0],
 "5_200_normal_he_normal_softplus_softsign": [-16.859071442024984, 1, 0],
 "5_200_normal_normal_softplus_linear": [-72.568964498216047, 1, 0],
 "5_200_normal_normal_softplus_relu": [-87.565616246362993, 2, 0],
 "5_200_normal_normal_softplus_softsign": [-7.5531307560597156, 5, 0],
 "5_200_normal_normal_softplus_tanh": [-34.878519426137728, 1, 0],
 "5_200_normal_uniform_softplus_relu": [15.079337109252918, 1, 0],
 "5_200_normal_uniform_softplus_softplus": [-11.002965310228291, 1, 0],
"1_100_he_uniform_he_uniform_softplus_relu": [-32.561694346042316, 1, 0],
"1_100_he_uniform_he_uniform_softplus_relu": [-62.749325226644103, 1, 0],
"1_100_normal_normal_softplus_relu": [-31.43084405206892, 1, 0],
"1_100_normal_normal_softplus_relu": [-72.648347942259321, 1, 0],
"1_200_he_normal_glorot_uniform_hard_sigmoid_relu": [-43.487291851955916, 1, 0],
"1_200_he_normal_glorot_uniform_linear_relu": [-45.413903362656583, 1, 0],
"1_200_he_normal_glorot_uniform_sigmoid_relu": [-36.396694249389412, 5, 0],
"1_200_he_normal_glorot_uniform_softplus_relu": [-32.597856935331606, 3, 0],
"1_200_he_normal_glorot_uniform_softsign_relu": [-87.186131803971875, 1, 0],
"1_200_he_normal_glorot_uniform_tanh_relu": [-30.224123562394126, 2, 0],
"1_200_he_uniform_glorot_uniform_relu_relu": [-28.780143444534275, 1, 0],
"1_200_he_uniform_glorot_uniform_sigmoid_relu": [-57.268327214459433, 1, 0],
"1_200_he_uniform_glorot_uniform_softplus_relu": [-16.611590060636473, 6, 0],
"1_200_he_uniform_glorot_uniform_softsign_relu": [-53.861943676624485, 1, 0],
"1_200_he_uniform_glorot_uniform_softsign_relu": [-74.69707785491083, 1, 0],
"1_200_he_uniform_glorot_uniform_tanh_relu": [-75.053120181687149, 1, 0],
"1_200_he_uniform_he_uniform_softplus_relu": [-30.386580500625826, 9, 0],
"1_200_he_uniform_he_uniform_softplus_softplus": [-8.6383367247131275, 7, 0],
"1_200_he_uniform_he_uniform_softplus_softsign": [-36.956710373578161, 2, 0],
"1_200_normal_glorot_uniform_relu_relu": [-58.239677170853682, 2, 0],
"1_200_normal_glorot_uniform_sigmoid_relu": [-63.857211997083724, 2, 0],
"1_200_normal_glorot_uniform_softplus_relu": [-47.763079137724276, 4, 0],
"1_200_normal_glorot_uniform_softsign_relu": [-47.540265054070829, 2, 0],
"1_200_normal_glorot_uniform_tanh_relu": [-61.171038817353903, 2, 0],
"1_200_orthogonal_glorot_uniform_hard_sigmoid_relu": [-17.556332661124088, 4, 0],
"1_200_orthogonal_glorot_uniform_sigmoid_relu": [-42.08335231600536, 3, 0],
"1_200_orthogonal_glorot_uniform_tanh_relu": [-37.251688568518119, 4, 0],
"1_200_uniform_glorot_uniform_relu_relu": [-4.7278628742670747, 2, 0],
"1_200_uniform_glorot_uniform_softplus_relu": [-22.434254508348843, 7, 0],
"1_200_uniform_glorot_uniform_softsign_relu": [-75.123624964437298, 4, 0],
"1_300_he_uniform_he_uniform_softplus_relu": [-16.966154227867293, 1, 0],
"1_300_he_uniform_he_uniform_softplus_relu": [-2.8962470860788869, 1, 0],
"1_400_he_uniform_he_uniform_softplus_relu": [-27.592243050767536, 4, 0],
"1_500_he_uniform_he_uniform_softplus_relu": [-110.64069244396759, 1, 0],
"1_600_he_uniform_he_uniform_softplus_relu": [-44.526609890039538, 2, 0],
"2_200_he_uniform_he_uniform_softplus_relu": [-27.758879132394142, 3, 0],
"2_300_he_uniform_he_uniform_softplus_relu": [-11.79926443223701, 1, 0],
"5_200_he_normal_normal_softplus_relu": [-15.825460743783708, 1, 0],
"5_200_normal_glorot_uniform_softplus_softsign": [-35.415869034418591, 1, 0],
"5_200_normal_he_normal_softplus_softsign": [-120.04876752769543, 1, 0],
"5_200_normal_normal_softplus_hard_sigmoid": [-48.579872890191027, 3, 0]}