{"1_200_he_uniform_he_uniform_softplus_softplus": [-150.24782978090337, 1, 0],
"1_500_he_uniform_he_uniform_softplus_softplus": [-160.50588833334945, 1, 0],
"1_600_he_uniform_he_uniform_softplus_softplus": [-21.994019804527341, 3, 0],
"1_800_he_uniform_he_uniform_softplus_softplus": [-228.05644430404777, 2, 0],
"2_400_he_uniform_he_uniform_softplus_softplus": [-76.733298685356445, 1, 0],
"2_700_he_uniform_he_uniform_softplus_softplus": [-316.77051413695335, 3, 0],
"3_100_he_uniform_he_uniform_softplus_softplus": [-428.63156726497499, 2, 0],
"3_400_he_uniform_he_uniform_softplus_softplus": [-356.4305782526327, 1, 0],
"3_500_he_uniform_he_uniform_softplus_softplus": [-85.568910780548407, 1, 0],
"3_600_he_uniform_he_uniform_softplus_softplus": [-127.36542640941836, 1, 0],
"4_100_he_uniform_he_uniform_softplus_softplus": [-35.629276982043692, 1, 0],
"4_400_he_uniform_he_uniform_softplus_softplus": [-67.271668977651956, 2, 0],
"4_700_he_uniform_he_uniform_softplus_softplus": [-139.97113864476094, 2, 0],
"5_400_he_uniform_he_uniform_softplus_softplus": [-214.21878869363678, 1, 0],
"5_500_he_uniform_he_uniform_softplus_softplus": [-245.66910793526966, 3, 0],
"5_600_he_uniform_he_uniform_softplus_softplus": [-135.59896959473139, 1, 0],
"5_700_he_uniform_he_uniform_softplus_softplus": [-198.96406223026383, 1, 0],
"6_400_he_uniform_he_uniform_softplus_softplus": [-386.75996864672283, 3, 0],
"6_600_he_uniform_he_uniform_softplus_softplus": [-49.754839141632296, 2, 0],
"7_300_he_uniform_he_uniform_softplus_softplus": [-108.42614474158077, 1, 0]}