{"1_100_normal_normal_softplus_hard_sigmoid": [-81.799437834620221, 1, 0],
"1_100_normal_normal_softplus_sigmoid": [-30.751357465959259, 1, 0],
"1_100_normal_normal_softplus_softplus": [-52.974923962513294, 3, 0],
"1_100_normal_normal_softplus_softsign": [-18.152629885529635, 2, 0],
"1_100_normal_normal_softplus_tanh": [-16.95306483669907, 2, 0],
"5_200_he_normal_normal_softplus_softsign": [-59.399845554823216, 1, 0],
"5_200_he_normal_normal_softplus_tanh": [-134.84497713766351, 1, 0],
"5_200_normal_glorot_uniform_softplus_hard_sigmoid": [-213.50212307641422, 1, 0],
"5_200_normal_glorot_uniform_softplus_sigmoid": [-130.36844602549252, 1, 0],
"5_200_normal_he_normal_softplus_hard_sigmoid": [4.4211101139692204, 1, 0],
"5_200_normal_he_normal_softplus_relu": [-24.917795848780102, 1, 0],
"5_200_normal_he_normal_softplus_sigmoid": [-93.875509269210553, 1, 0],
"5_200_normal_he_normal_softplus_softsign": [-120.04876752769543, 1, 0],
"5_200_normal_normal_softplus_hard_sigmoid": [-40.645055689429576, 2, 0],
"5_200_normal_normal_softplus_linear": [-72.568964498216047, 1, 0],
"5_200_normal_normal_softplus_relu": [-87.565616246362993, 2, 0],
"5_200_normal_normal_softplus_softsign": [-54.27126387064925, 5, 0],
"5_200_normal_normal_softplus_tanh": [-34.878519426137728, 1, 0],
"5_200_normal_uniform_softplus_relu": [-48.608296921909059, 1, 0],
"5_200_normal_uniform_softplus_softplus": [-11.002965310228291, 1, 0],
"1_100_normal_normal_softplus_relu": [-31.43084405206892, 1, 0],
"1_100_normal_normal_softplus_softplus": [-52.974923962513294, 3, 0],
"1_100_normal_normal_softplus_softsign": [-18.152629885529635, 2, 0],
"1_200_he_normal_glorot_uniform_hard_sigmoid_relu": [-43.487291851955916, 1, 0],
"1_200_he_normal_glorot_uniform_linear_relu": [-20.063406573047445, 4, 0],
"1_200_he_normal_glorot_uniform_sigmoid_relu": [-36.396694249389412, 5, 0],
"1_200_he_normal_glorot_uniform_softplus_relu": [-63.348897239058147, 1, 0],
"1_200_he_normal_glorot_uniform_softsign_relu": [-87.186131803971875, 1, 0],
"1_200_he_normal_glorot_uniform_tanh_relu": [-30.224123562394126, 2, 0],
"1_200_he_uniform_glorot_uniform_linear_relu": [-38.873312327225747, 1, 0],
"1_200_he_uniform_glorot_uniform_relu_relu": [-28.780143444534275, 1, 0],
"1_200_he_uniform_glorot_uniform_sigmoid_relu": [-40.21061480567473, 1, 0],
"1_200_he_uniform_glorot_uniform_softplus_relu": [-16.611590060636473, 6, 0],
"1_200_he_uniform_glorot_uniform_softsign_relu": [-53.861943676624485, 1, 0],
"1_200_he_uniform_glorot_uniform_tanh_relu": [-75.053120181687149, 1, 0],
"1_200_he_uniform_he_uniform_softplus_relu": [-41.880487344537073, 1, 0],
"1_200_he_uniform_he_uniform_softplus_softplus": [-8.6383367247131275, 7, 0],
"1_200_he_uniform_he_uniform_softplus_softsign": [0.15693233312957489, 1, 0],
"1_200_he_uniform_he_uniform_softplus_tanh": [-93.891649162528736, 1, 0],
"1_200_normal_glorot_uniform_hard_sigmoid_relu": [-68.339471133758934, 1, 0],
"1_200_normal_glorot_uniform_relu_relu": [-58.239677170853682, 2, 0],
"1_200_normal_glorot_uniform_sigmoid_relu": [-63.857211997083724, 2, 0],
"1_200_normal_glorot_uniform_softplus_relu": [-47.763079137724276, 4, 0],
"1_200_normal_glorot_uniform_softsign_relu": [-47.540265054070829, 2, 0],
"1_200_normal_glorot_uniform_tanh_relu": [-61.171038817353903, 2, 0],
"1_200_orthogonal_glorot_uniform_hard_sigmoid_relu": [-38.182337894380325, 5, 0],
"1_200_orthogonal_glorot_uniform_sigmoid_relu": [-16.792084724307074, 2, 0],
"1_200_orthogonal_glorot_uniform_sigmoid_relu": [-33.698415036212765, 2, 0],
"1_200_orthogonal_glorot_uniform_tanh_relu": [-2.127400329750472, 2, 0],
"1_200_orthogonal_glorot_uniform_tanh_relu": [-35.473755732332961, 2, 0],
"1_200_uniform_glorot_uniform_relu_relu": [-28.522961830062741, 6, 0],
"1_200_uniform_glorot_uniform_softplus_relu": [-14.538485195922377, 4, 0],
"1_200_uniform_glorot_uniform_softsign_relu": [-37.136421530811148, 3, 0],
"5_200_he_normal_normal_softplus_relu": [-15.825460743783708, 1, 0],
"5_200_he_normal_normal_softplus_softplus": [-212.44012162406557, 2, 0],
"5_200_he_normal_normal_softplus_softsign": [-59.399845554823216, 1, 0],
"5_200_normal_glorot_uniform_softplus_softsign": [-35.415869034418591, 1, 0]}